{"cameraMode":{"drawMode":0,"name":"Shaded","section":"Shading Mode"},"sceneLighting":true,"audioPlay":false,"sceneViewState":{"showFog":true,"showMaterialUpdate":false,"showSkybox":true,"showFlares":true,"showImageEffects":true,"showParticleSystems":true},"in2DMode":false,"pivot":{"x":63.941246032714847,"y":-12.25,"z":-118.94131469726563},"rotation":{"x":0.15879179537296296,"y":0.6224247217178345,"z":-0.13109321892261506,"w":0.7556802034378052},"size":5.3394455909729,"orthographic":false}