{"cameraMode":{"drawMode":0,"name":"Shaded","section":"Shading Mode"},"sceneLighting":true,"audioPlay":false,"sceneViewState":{"showFog":true,"showMaterialUpdate":false,"showSkybox":true,"showFlares":true,"showImageEffects":true,"showParticleSystems":true},"in2DMode":false,"pivot":{"x":-15.086640357971192,"y":2.011521816253662,"z":-57.247581481933597},"rotation":{"x":-0.17420218884944917,"y":0.7371768951416016,"z":-0.20626409351825715,"w":-0.6198190450668335},"size":18.460237503051759,"orthographic":false}