{"cameraMode":{"drawMode":0,"name":"Shaded","section":"Shading Mode"},"sceneLighting":true,"audioPlay":false,"sceneViewState":{"showFog":true,"showMaterialUpdate":false,"showSkybox":true,"showFlares":true,"showImageEffects":true,"showParticleSystems":true},"in2DMode":false,"pivot":{"x":-9.25999927520752,"y":1.8899999856948853,"z":-4.630001068115234},"rotation":{"x":-0.15783002972602845,"y":0.35709813237190249,"z":-0.06052969768643379,"w":-0.9189377427101135},"size":21.26222801208496,"orthographic":false}