{"cameraMode":{"drawMode":0,"name":"Shaded","section":"Shading Mode"},"sceneLighting":true,"audioPlay":false,"sceneViewState":{"showFog":true,"showMaterialUpdate":false,"showSkybox":true,"showFlares":true,"showImageEffects":true,"showParticleSystems":true},"in2DMode":false,"pivot":{"x":834.7388916015625,"y":199.736083984375,"z":19.802978515625},"rotation":{"x":0.37675902247428896,"y":-0.12995067238807679,"z":0.05445361137390137,"w":0.9161103367805481},"size":594.2965698242188,"orthographic":false}