{"cameraMode":{"drawMode":0,"name":"Shaded","section":"Shading Mode"},"sceneLighting":true,"audioPlay":false,"sceneViewState":{"showFog":true,"showMaterialUpdate":false,"showSkybox":true,"showFlares":true,"showImageEffects":true,"showParticleSystems":true},"in2DMode":false,"pivot":{"x":12.324042320251465,"y":2.6611664295196535,"z":-90.1589126586914},"rotation":{"x":0.24812477827072144,"y":0.042103856801986697,"z":-0.009796920232474804,"w":0.9683084487915039},"size":379.7482604980469,"orthographic":false}