{"cameraMode":{"drawMode":0,"name":"Shaded","section":"Shading Mode"},"sceneLighting":true,"audioPlay":false,"sceneViewState":{"showFog":true,"showMaterialUpdate":false,"showSkybox":true,"showFlares":true,"showImageEffects":true,"showParticleSystems":true},"in2DMode":false,"pivot":{"x":85.09359741210938,"y":-11.556985855102539,"z":-138.83460998535157},"rotation":{"x":-0.16570910811424256,"y":-0.7119128704071045,"z":0.17902182042598725,"w":-0.6592822670936585},"size":28.868026733398439,"orthographic":false}