{"cameraMode":{"drawMode":0,"name":"Shaded","section":"Shading Mode"},"sceneLighting":true,"audioPlay":false,"sceneViewState":{"showFog":true,"showMaterialUpdate":false,"showSkybox":true,"showFlares":true,"showImageEffects":true,"showParticleSystems":true},"in2DMode":false,"pivot":{"x":30.109352111816408,"y":-5.993556976318359,"z":-56.0984001159668},"rotation":{"x":0.011376243084669114,"y":0.7831929922103882,"z":-0.621519923210144,"w":0.014334568753838539},"size":30.07619857788086,"orthographic":false}