{"cameraMode":{"drawMode":0,"name":"Shaded","section":"Shading Mode"},"sceneLighting":true,"audioPlay":false,"sceneViewState":{"showFog":true,"showMaterialUpdate":false,"showSkybox":true,"showFlares":true,"showImageEffects":true,"showParticleSystems":true},"in2DMode":false,"pivot":{"x":-1.5164554119110108,"y":-6.913832187652588,"z":-69.40435791015625},"rotation":{"x":0.027562838047742845,"y":-0.9572767019271851,"z":0.2729731500148773,"w":0.09584169089794159},"size":57.84642028808594,"orthographic":false}